,,REPORTE COTIZACIONES,,,,01/09/2018 - 26/08/2020,,
Instrumento,Fecha,,Precio,Var %,Var Anual %,,TIR %,Mod. Duration (a√±os)
GGAL.O,04/08/2020,,"13,05","-1,66","-0,61",,,
GGAL.O,04/08/2020,,"13,05","-1,66","-0,61",,,
GGAL.O,03/08/2020,,"13,27","10,58","-0,61",,,
GGAL.O,31/07/2020,,"12,00","-0,99","0,00",,,
GGAL.O,30/07/2020,,"12,12","-1,62","-0,67",,,
GGAL.O,29/07/2020,,"12,32","0,82","-0,67",,,
GGAL.O,28/07/2020,,"12,22","0,00","-0,67",,,
GGAL.O,27/07/2020,,"12,77","2,41","-0,66",,,
GGAL.O,24/07/2020,,"12,47","0,00","-0,63",,,
GGAL.O,23/07/2020,,"12,47","1,38","-0,63",,,
GGAL.O,22/07/2020,,"12,30","8,27","-0,60",,,
GGAL.O,21/07/2020,,"11,36","4,32","-0,66",,,
GGAL.O,20/07/2020,,"10,89","-3,03","-0,67",,,
GGAL.O,17/07/2020,,"11,23","-2,43","-0,68",,,
GGAL.O,16/07/2020,,"11,51","-1,46","-0,67",,,
GGAL.O,15/07/2020,,"11,68","3,64","-0,67",,,
GGAL.O,14/07/2020,,"11,27","-0,62","-0,68",,,
GGAL.O,13/07/2020,,"11,34","-0,26","-0,68",,,
GGAL.O,10/07/2020,,"11,37","8,08","-0,70",,,
GGAL.O,09/07/2020,,"10,52","-4,62","-0,72",,,
GGAL.O,08/07/2020,,"11,03","1,29","-0,71",,,
GGAL.O,07/07/2020,,"10,89","-3,80","-0,70",,,
GGAL.O,06/07/2020,,"11,32","22,78","-0,69",,,
GGAL.O,02/07/2020,,"9,22","-5,63","-0,74",,,
GGAL.O,01/07/2020,,"9,77","0,72","-0,73",,,
GGAL.O,30/06/2020,,"9,70","-6,10","-0,70",,,
GGAL.O,29/06/2020,,"10,33","1,18","-0,70",,,
GGAL.O,26/06/2020,,"10,21","-4,31","-0,69",,,
GGAL.O,25/06/2020,,"10,67","6,27","-0,68",,,
GGAL.O,24/06/2020,,"10,04","-1,95","-0,71",,,
GGAL.O,23/06/2020,,"10,24","3,96","-0,70",,,
GGAL.O,22/06/2020,,"9,85","-3,62","-0,71",,,
GGAL.O,19/06/2020,,"10,22","9,54","-0,69",,,
GGAL.O,18/06/2020,,"9,33","-7,26","-0,71",,,
GGAL.O,17/06/2020,,"10,06","-3,18","-0,70",,,
GGAL.O,16/06/2020,,"10,39","-0,38","-0,68",,,
GGAL.O,15/06/2020,,"10,43","-2,98","-0,68",,,
GGAL.O,12/06/2020,,"10,75","7,72","-0,68",,,
GGAL.O,11/06/2020,,"9,98","-8,10","-0,71",,,
GGAL.O,10/06/2020,,"10,86","0,84","-0,64",,,
GGAL.O,09/06/2020,,"10,77","-6,35","-0,62",,,
GGAL.O,08/06/2020,,"11,50","10,90","-0,50",,,
GGAL.O,05/06/2020,,"10,37","1,87","-0,62",,,
GGAL.O,04/06/2020,,"10,18","0,20","-0,62",,,
GGAL.O,03/06/2020,,"10,16","8,20","-0,61",,,
GGAL.O,02/06/2020,,"9,39","10,08","-0,62",,,
GGAL.O,01/06/2020,,"8,53","6,49","-0,65",,,
GGAL.O,29/05/2020,,"8,01","-9,29","-0,69",,,
GGAL.O,28/05/2020,,"8,83","-8,59","-0,65",,,
GGAL.O,27/05/2020,,"9,66","1,36","-0,62",,,
GGAL.O,26/05/2020,,"9,53","0,21","-0,63",,,
GGAL.O,22/05/2020,,"9,51","1,39","-0,63",,,
GGAL.O,21/05/2020,,"9,38","7,08","-0,64",,,
GGAL.O,20/05/2020,,"8,76","3,18","-0,66",,,
GGAL.O,19/05/2020,,"8,49","-4,50","-0,65",,,
GGAL.O,18/05/2020,,"8,89","5,83","-0,63",,,
GGAL.O,15/05/2020,,"8,40","-0,71","-0,60",,,
GGAL.O,14/05/2020,,"8,46","6,68","-0,65",,,
GGAL.O,13/05/2020,,"7,93","-9,16","-0,67",,,
GGAL.O,12/05/2020,,"8,73","-0,91","-0,63",,,
GGAL.O,11/05/2020,,"8,81","8,77","-0,62",,,
GGAL.O,08/05/2020,,"8,10","3,32","-0,60",,,
GGAL.O,07/05/2020,,"7,84","8,14","-0,68",,,
GGAL.O,06/05/2020,,"7,25","5,07","-0,69",,,
GGAL.O,05/05/2020,,"6,90","-2,27","-0,70",,,
GGAL.O,04/05/2020,,"7,06","6,49","-0,70",,,
GGAL.O,01/05/2020,,"6,63","-6,88","-0,71",,,
GGAL.O,30/04/2020,,"7,12","-4,81","-0,67",,,
GGAL.O,29/04/2020,,"7,48","7,16","-0,65",,,
GGAL.O,28/04/2020,,"6,98","17,71","-0,67",,,
GGAL.O,27/04/2020,,"5,93","-2,79","-0,72",,,
GGAL.O,24/04/2020,,"6,10","-3,17","-0,70",,,
GGAL.O,23/04/2020,,"6,30","-5,55","-0,70",,,
GGAL.O,22/04/2020,,"6,67","-2,63","-0,72",,,
GGAL.O,21/04/2020,,"6,85","-6,42","-0,71",,,
GGAL.O,20/04/2020,,"7,32","-0,14","-0,69",,,
GGAL.O,17/04/2020,,"7,33","-2,01","-0,69",,,
GGAL.O,16/04/2020,,"7,48","-1,32","-0,71",,,
GGAL.O,15/04/2020,,"7,58","6,46","-0,70",,,
GGAL.O,14/04/2020,,"7,12","4,25","-0,73",,,
GGAL.O,13/04/2020,,"6,83","-3,67","-0,74",,,
GGAL.O,09/04/2020,,"7,09","-1,53","-0,71",,,
GGAL.O,08/04/2020,,"7,20","3,90","-0,70",,,
GGAL.O,07/04/2020,,"6,93","-1,14","-0,72",,,
GGAL.O,06/04/2020,,"7,01","-4,50","-0,72",,,
GGAL.O,03/04/2020,,"7,34","1,94","-0,70",,,
GGAL.O,02/04/2020,,"7,20","6,04","-0,70",,,
GGAL.O,01/04/2020,,"6,79","-3,69","-0,72",,,
GGAL.O,31/03/2020,,"7,05","4,75","-0,72",,,
GGAL.O,30/03/2020,,"6,73","-0,15","-0,73",,,
GGAL.O,27/03/2020,,"6,74","-14,14","-0,72",,,
GGAL.O,26/03/2020,,"7,85","3,02","-0,67",,,
GGAL.O,25/03/2020,,"7,62","4,81","-0,70",,,
GGAL.O,24/03/2020,,"7,27","12,71","-0,72",,,
GGAL.O,23/03/2020,,"6,45","-5,29","-0,75",,,
GGAL.O,20/03/2020,,"6,81","11,64","-0,75",,,
GGAL.O,19/03/2020,,"6,10","0,33","-0,70",,,
GGAL.O,18/03/2020,,"6,08","-20,42","-0,78",,,
GGAL.O,17/03/2020,,"7,64","7,00","-0,74",,,
GGAL.O,16/03/2020,,"7,14","-22,48","-0,75",,,
GGAL.O,13/03/2020,,"9,21","5,50","-0,66",,,
GGAL.O,12/03/2020,,"8,73","-14,07","-0,68",,,
GGAL.O,11/03/2020,,"10,16","-8,14","-0,62",,,
GGAL.O,10/03/2020,,"11,06","11,04","-0,59",,,
GGAL.O,09/03/2020,,"9,96","-18,49","-0,63",,,
GGAL.O,06/03/2020,,"12,22","-7,35","-0,52",,,
GGAL.O,05/03/2020,,"13,19","-2,80","-0,49",,,
GGAL.O,04/03/2020,,"13,57","4,71","-0,52",,,
GGAL.O,03/03/2020,,"12,96","-0,92","-0,54",,,
GGAL.O,02/03/2020,,"13,08","3,48","-0,53",,,
GGAL.O,28/02/2020,,"12,64","-2,99","-0,58",,,
GGAL.O,27/02/2020,,"13,03","-2,03","-0,58",,,
GGAL.O,26/02/2020,,"13,30","0,38","-0,50",,,
GGAL.O,25/02/2020,,"13,25","-5,02","-0,60",,,
GGAL.O,24/02/2020,,"13,95","-3,73","-0,58",,,
GGAL.O,21/02/2020,,"14,49","1,26","-0,55",,,
GGAL.O,20/02/2020,,"14,31","1,56","-0,56",,,
GGAL.O,19/02/2020,,"14,09","2,85","-0,56",,,
GGAL.O,18/02/2020,,"13,70","-0,65","-0,50",,,
GGAL.O,14/02/2020,,"13,79","1,55","-0,61",,,
GGAL.O,13/02/2020,,"13,58","-8,31","-0,61",,,
GGAL.O,12/02/2020,,"14,81","1,02","-0,59",,,
GGAL.O,11/02/2020,,"14,66","-2,20","-0,59",,,
GGAL.O,10/02/2020,,"14,99","0,07","-0,58",,,
GGAL.O,07/02/2020,,"14,98","1,22","-0,57",,,
GGAL.O,06/02/2020,,"14,80","0,48","-0,50",,,
GGAL.O,05/02/2020,,"14,73","-0,47","-0,60",,,
GGAL.O,04/02/2020,,"14,80","-2,57","-0,60",,,
GGAL.O,03/02/2020,,"15,19","5,85","-0,59",,,
GGAL.O,31/01/2020,,"14,35","-3,30","-0,60",,,
GGAL.O,30/01/2020,,"14,84","2,98","-0,58",,,
GGAL.O,29/01/2020,,"14,41","-0,28","-0,58",,,
GGAL.O,28/01/2020,,"14,45","5,09","-0,58",,,
GGAL.O,27/01/2020,,"13,75","-1,72","-0,60",,,
GGAL.O,24/01/2020,,"13,99","-3,85","-0,58",,,
GGAL.O,23/01/2020,,"14,55","-2,87","-0,56",,,
GGAL.O,22/01/2020,,"14,98","-0,66","-0,53",,,
GGAL.O,21/01/2020,,"15,08","-3,33","-0,53",,,
GGAL.O,17/01/2020,,"15,60","2,23","-0,50",,,
GGAL.O,16/01/2020,,"15,26","2,90","-0,51",,,
GGAL.O,15/01/2020,,"14,94","-3,43","-0,53",,,
GGAL.O,14/01/2020,,"15,47","-0,96","-0,51",,,
GGAL.O,13/01/2020,,"15,62","-4,58","-0,51",,,
GGAL.O,10/01/2020,,"16,37","-1,68","-0,51",,,
GGAL.O,09/01/2020,,"16,65","3,80","-0,48",,,
GGAL.O,08/01/2020,,"16,04","1,07","-0,49",,,
GGAL.O,07/01/2020,,"15,87","-0,63","-0,49",,,
GGAL.O,06/01/2020,,"15,97","1,08","-0,48",,,
GGAL.O,03/01/2020,,"15,80","-3,72","-0,40",,,
GGAL.O,02/01/2020,,"16,41","1,11","-0,42",,,
GGAL.O,31/12/2019,,"16,23","-0,37","-0,41",,,
GGAL.O,30/12/2019,,"16,29","-0,79","-0,40",,,
GGAL.O,27/12/2019,,"16,42","-3,70","-0,37",,,
GGAL.O,26/12/2019,,"17,05","3,46","-0,33",,,
GGAL.O,24/12/2019,,"16,48","0,86","-0,32",,,
GGAL.O,23/12/2019,,"16,34","8,93","-0,33",,,
GGAL.O,20/12/2019,,"15,00","1,35","0,00",,,
GGAL.O,19/12/2019,,"14,80","0,07","-0,40",,,
GGAL.O,18/12/2019,,"14,79","1,72","-0,43",,,
GGAL.O,17/12/2019,,"14,54","0,48","-0,42",,,
GGAL.O,16/12/2019,,"14,47","-1,90","-0,43",,,
GGAL.O,13/12/2019,,"14,75","5,66","-0,46",,,
GGAL.O,12/12/2019,,"13,96","5,76","-0,49",,,
GGAL.O,11/12/2019,,"13,20","-0,38","-0,50",,,
GGAL.O,10/12/2019,,"13,25","-5,69","-0,50",,,
GGAL.O,09/12/2019,,"14,05","1,81","-0,47",,,
GGAL.O,06/12/2019,,"13,80","4,31","-0,50",,,
GGAL.O,05/12/2019,,"13,23","-1,42","-0,52",,,
GGAL.O,04/12/2019,,"13,42","4,27","-0,50",,,
GGAL.O,03/12/2019,,"12,87","0,16","-0,54",,,
GGAL.O,02/12/2019,,"12,85","-3,82","-0,55",,,
GGAL.O,29/11/2019,,"13,36","-3,05","-0,51",,,
GGAL.O,27/11/2019,,"13,78","6,82","-0,43",,,
GGAL.O,26/11/2019,,"12,90","0,70","-0,40",,,
GGAL.O,25/11/2019,,"12,81","0,55","-0,50",,,
GGAL.O,22/11/2019,,"12,74","0,39","-0,51",,,
GGAL.O,21/11/2019,,"12,69","1,20","-0,51",,,
GGAL.O,20/11/2019,,"12,54","5,91","-0,49",,,
GGAL.O,19/11/2019,,"11,84","4,04","-0,55",,,
GGAL.O,18/11/2019,,"11,38","-1,73","-0,56",,,
GGAL.O,15/11/2019,,"11,58","4,61","-0,56",,,
GGAL.O,14/11/2019,,"11,07","-4,57","-0,56",,,
GGAL.O,13/11/2019,,"11,60","-3,89","-0,40",,,
GGAL.O,12/11/2019,,"12,07","-5,11","-0,50",,,
GGAL.O,11/11/2019,,"12,72","2,50","-0,47",,,
GGAL.O,08/11/2019,,"12,41","-1,43","-0,52",,,
GGAL.O,07/11/2019,,"12,59","3,20","-0,52",,,
GGAL.O,06/11/2019,,"12,20","-3,79","-0,50",,,
GGAL.O,05/11/2019,,"12,68","1,12","-0,52",,,
GGAL.O,04/11/2019,,"12,54","6,36","-0,52",,,
GGAL.O,01/11/2019,,"11,79","1,99","-0,55",,,
GGAL.O,31/10/2019,,"11,56","1,40","-0,49",,,
GGAL.O,30/10/2019,,"11,40","0,09","-0,50",,,
GGAL.O,29/10/2019,,"11,39","0,98","-0,48",,,
GGAL.O,28/10/2019,,"11,28","-11,39","-0,49",,,
GGAL.O,25/10/2019,,"12,73","2,50","-0,45",,,
GGAL.O,24/10/2019,,"12,42","-2,13","-0,43",,,
GGAL.O,23/10/2019,,"12,69","2,50","-0,43",,,
GGAL.O,22/10/2019,,"12,38","-3,58","-0,45",,,
GGAL.O,21/10/2019,,"12,84","2,64","-0,43",,,
GGAL.O,18/10/2019,,"12,51","0,00","-0,44",,,
GGAL.O,17/10/2019,,"12,51","-2,65","-0,45",,,
GGAL.O,16/10/2019,,"12,85","-2,95","-0,46",,,
GGAL.O,15/10/2019,,"13,24","3,04","-0,46",,,
GGAL.O,14/10/2019,,"12,85","-1,61","-0,48",,,
GGAL.O,11/10/2019,,"13,06","-2,46","-0,39",,,
GGAL.O,10/10/2019,,"13,39","5,02","-0,39",,,
GGAL.O,09/10/2019,,"12,75","0,31","-0,45",,,
GGAL.O,08/10/2019,,"12,71","-4,87","-0,48",,,
GGAL.O,07/10/2019,,"13,36","-1,11","-0,46",,,
GGAL.O,04/10/2019,,"13,51","3,05","-0,44",,,
GGAL.O,03/10/2019,,"13,11","-0,15","-0,51",,,
GGAL.O,02/10/2019,,"13,13","2,90","-0,52",,,
GGAL.O,01/10/2019,,"12,76","-1,85","-0,50",,,
GGAL.O,30/09/2019,,"13,00","-0,54","0,00",,,
GGAL.O,27/09/2019,,"13,07","5,40","-0,51",,,
GGAL.O,26/09/2019,,"12,40","0,32","-0,50",,,
GGAL.O,25/09/2019,,"12,36","4,92","-0,58",,,
GGAL.O,24/09/2019,,"11,78","-0,76","-0,58",,,
GGAL.O,23/09/2019,,"11,87","-0,25","-0,58",,,
GGAL.O,20/09/2019,,"11,90","-2,70","-0,50",,,
GGAL.O,19/09/2019,,"12,23","3,29","-0,51",,,
GGAL.O,18/09/2019,,"11,84","-1,58","-0,50",,,
GGAL.O,17/09/2019,,"12,03","1,69","-0,49",,,
GGAL.O,16/09/2019,,"11,83","6,29","-0,49",,,
GGAL.O,13/09/2019,,"11,13","-5,52","-0,47",,,
GGAL.O,12/09/2019,,"11,78","-2,00","-0,47",,,
GGAL.O,11/09/2019,,"12,02","1,01","-0,45",,,
GGAL.O,10/09/2019,,"11,90","0,85","-0,40",,,
GGAL.O,09/09/2019,,"11,80","0,60","-0,40",,,
GGAL.O,06/09/2019,,"11,73","2,45","-0,52",,,
GGAL.O,05/09/2019,,"11,45","3,62","-0,46",,,
GGAL.O,04/09/2019,,"11,05","15,46","-0,44",,,
GGAL.O,03/09/2019,,"9,57","-11,72","-0,52",,,
GGAL.O,30/08/2019,,"10,84","-8,91","-0,42",,,
GGAL.O,29/08/2019,,"11,90","-6,59","-0,40",,,
GGAL.O,28/08/2019,,"12,74","-1,01","-0,46",,,
GGAL.O,27/08/2019,,"12,87","-7,74","-0,50",,,
GGAL.O,26/08/2019,,"13,95","-5,04","-0,45",,,
GGAL.O,23/08/2019,,"14,69","-5,53","-0,48",,,
GGAL.O,22/08/2019,,"15,55","-0,26","-0,47",,,
GGAL.O,21/08/2019,,"15,59","2,97","-0,45",,,
GGAL.O,20/08/2019,,"15,14","1,27","-0,46",,,
GGAL.O,19/08/2019,,"14,95","-15,73","-0,47",,,
GGAL.O,16/08/2019,,"17,74","1,55","-0,42",,,
GGAL.O,15/08/2019,,"17,47","5,37","-0,44",,,
GGAL.O,14/08/2019,,"16,58","-3,77","-0,45",,,
GGAL.O,13/08/2019,,"17,23","2,87","-0,42",,,
GGAL.O,12/08/2019,,"16,75","-56,12","-0,44",,,
GGAL.O,09/08/2019,,"38,17","9,21","0,13",,,
GGAL.O,08/08/2019,,"34,95","1,19","0,04",,,
GGAL.O,07/08/2019,,"34,54","-2,21","-0,01",,,
GGAL.O,06/08/2019,,"35,32","3,64","-0,05",,,
GGAL.O,05/08/2019,,"34,08","-2,68","-0,08",,,
GGAL.O,02/08/2019,,"35,02","-1,10","-0,04",,,
GGAL.O,01/08/2019,,"35,41","-3,62","-0,01",,,
GGAL.O,31/07/2019,,"36,74","-2,29","0,04",,,
GGAL.O,30/07/2019,,"37,60","-1,54","0,10",,,
GGAL.O,29/07/2019,,"38,19","2,06","0,07",,,
GGAL.O,26/07/2019,,"37,42","10,16","0,02",,,
GGAL.O,25/07/2019,,"33,97","0,09","-0,08",,,
GGAL.O,24/07/2019,,"33,94","0,44","-0,05",,,
GGAL.O,23/07/2019,,"33,79","0,87","-0,03",,,
GGAL.O,22/07/2019,,"33,50","-4,01","0,00",,,
GGAL.O,19/07/2019,,"34,90","-1,24","0,10",,,
GGAL.O,18/07/2019,,"35,34","-1,59","0,01",,,
GGAL.O,17/07/2019,,"35,91","-0,72","0,02",,,
GGAL.O,16/07/2019,,"36,17","0,84","0,06",,,
GGAL.O,15/07/2019,,"35,87","-5,26","0,05",,,
GGAL.O,12/07/2019,,"37,86","-0,18","0,09",,,
GGAL.O,11/07/2019,,"37,93","-0,18","0,04",,,
GGAL.O,10/07/2019,,"38,00","-0,39","1,00",,,
GGAL.O,09/07/2019,,"38,15","1,76","0,05",,,
GGAL.O,08/07/2019,,"37,49","2,99","0,03",,,
GGAL.O,05/07/2019,,"36,40","-0,14","0,10",,,
GGAL.O,03/07/2019,,"36,45","-0,76","0,04",,,
GGAL.O,02/07/2019,,"36,73","3,44","0,12",,,
GGAL.O,01/07/2019,,"35,51","0,03","0,09",,,
GGAL.O,28/06/2019,,"35,50","4,69","0,10",,,
GGAL.O,27/06/2019,,"33,91","0,59","0,03",,,
GGAL.O,26/06/2019,,"33,71","-3,02","-0,09",,,
GGAL.O,25/06/2019,,"34,76","1,40","-0,07",,,
GGAL.O,24/06/2019,,"34,28","0,44","-0,08",,,
GGAL.O,21/06/2019,,"34,13","0,65","-0,17",,,
GGAL.O,20/06/2019,,"33,91","3,70","-0,12",,,
GGAL.O,19/06/2019,,"32,70","-2,65","-0,10",,,
GGAL.O,18/06/2019,,"33,59","1,70","-0,09",,,
GGAL.O,17/06/2019,,"33,03","0,40","-0,11",,,
GGAL.O,14/06/2019,,"32,90","-3,38","-0,10",,,
GGAL.O,13/06/2019,,"34,05","-1,65","-0,23",,,
GGAL.O,12/06/2019,,"34,62","12,48","-0,26",,,
GGAL.O,11/06/2019,,"30,78","7,81","-0,37",,,
GGAL.O,10/06/2019,,"28,55","4,16","-0,42",,,
GGAL.O,07/06/2019,,"27,41","-0,76","-0,42",,,
GGAL.O,06/06/2019,,"27,62","2,41","-0,41",,,
GGAL.O,05/06/2019,,"26,97","1,70","-0,43",,,
GGAL.O,04/06/2019,,"26,52","6,08","-0,41",,,
GGAL.O,03/06/2019,,"25,00","-2,38","0,00",,,
GGAL.O,31/05/2019,,"25,61","-1,16","-0,39",,,
GGAL.O,30/05/2019,,"25,91","1,25","-0,38",,,
GGAL.O,29/05/2019,,"25,59","-0,66","-0,37",,,
GGAL.O,28/05/2019,,"25,76","-3,16","-0,37",,,
GGAL.O,24/05/2019,,"26,60","2,43","-0,30",,,
GGAL.O,23/05/2019,,"25,97","-0,92","-0,40",,,
GGAL.O,22/05/2019,,"26,21","0,50","-0,39",,,
GGAL.O,21/05/2019,,"26,08","5,63","-0,40",,,
GGAL.O,20/05/2019,,"24,69","1,06","-0,43",,,
GGAL.O,17/05/2019,,"24,43","-3,55","-0,47",,,
GGAL.O,16/05/2019,,"25,33","2,30","-0,44",,,
GGAL.O,15/05/2019,,"24,76","3,05","-0,45",,,
GGAL.O,14/05/2019,,"24,34","2,23","-0,45",,,
GGAL.O,13/05/2019,,"23,81","-3,68","-0,46",,,
GGAL.O,10/05/2019,,"24,72","-3,25","-0,52",,,
GGAL.O,09/05/2019,,"25,55","4,12","-0,49",,,
GGAL.O,08/05/2019,,"24,54","4,69","-0,47",,,
GGAL.O,07/05/2019,,"23,44","-3,42","-0,53",,,
GGAL.O,06/05/2019,,"24,27","-0,90","-0,51",,,
GGAL.O,03/05/2019,,"24,49","5,97","-0,53",,,
GGAL.O,02/05/2019,,"23,11","4,24","-0,59",,,
GGAL.O,01/05/2019,,"22,17","1,79","-0,64",,,
GGAL.O,30/04/2019,,"21,78","2,30","-0,65",,,
GGAL.O,29/04/2019,,"21,29","1,33","-0,66",,,
GGAL.O,26/04/2019,,"21,01","-0,57","-0,64",,,
GGAL.O,25/04/2019,,"21,13","-2,72","-0,65",,,
GGAL.O,24/04/2019,,"21,72","-11,46","-0,66",,,
GGAL.O,23/04/2019,,"24,53","0,82","-0,62",,,
GGAL.O,22/04/2019,,"24,33","1,21","-0,62",,,
GGAL.O,18/04/2019,,"24,04","-8,00","-0,64",,,
GGAL.O,17/04/2019,,"26,13","1,36","-0,60",,,
GGAL.O,16/04/2019,,"25,78","-2,79","-0,59",,,
GGAL.O,15/04/2019,,"26,52","3,55","-0,58",,,
GGAL.O,12/04/2019,,"25,61","4,23","-0,61",,,
GGAL.O,11/04/2019,,"24,57","-2,42","-0,62",,,
GGAL.O,10/04/2019,,"25,18","3,49","-0,62",,,
GGAL.O,09/04/2019,,"24,33","-4,48","-0,63",,,
GGAL.O,08/04/2019,,"25,47","2,00","-0,61",,,
GGAL.O,05/04/2019,,"24,97","1,46","-0,62",,,
GGAL.O,04/04/2019,,"24,61","0,90","-0,62",,,
GGAL.O,03/04/2019,,"24,39","-0,97","-0,63",,,
GGAL.O,02/04/2019,,"24,63","-3,49","-0,62",,,
GGAL.O,01/04/2019,,"25,52","0,00","-0,61",,,
GGAL.O,29/03/2019,,"25,52","2,65","-0,61",,,
GGAL.O,28/03/2019,,"24,86","2,52","-0,61",,,
GGAL.O,27/03/2019,,"24,25","-4,83","-0,62",,,
GGAL.O,26/03/2019,,"25,48","-5,17","-0,60",,,
GGAL.O,25/03/2019,,"26,87","3,99","-0,58",,,
GGAL.O,22/03/2019,,"25,84","-8,17","-0,60",,,
GGAL.O,21/03/2019,,"28,14","-2,73","-0,57",,,
GGAL.O,20/03/2019,,"28,93","0,14","-0,54",,,
GGAL.O,19/03/2019,,"28,89","-1,70","-0,54",,,
GGAL.O,18/03/2019,,"29,39","3,78","-0,53",,,
GGAL.O,15/03/2019,,"28,32","3,85","-0,56",,,
GGAL.O,14/03/2019,,"27,27","-1,30","-0,58",,,
GGAL.O,13/03/2019,,"27,63","1,73","-0,57",,,
GGAL.O,12/03/2019,,"27,16","-1,13","-0,59",,,
GGAL.O,11/03/2019,,"27,47","3,74","-0,58",,,
GGAL.O,08/03/2019,,"26,48","3,44","-0,56",,,
GGAL.O,07/03/2019,,"25,60","-2,55","-0,50",,,
GGAL.O,06/03/2019,,"26,27","-7,11","-0,57",,,
GGAL.O,05/03/2019,,"28,28","-0,39","-0,54",,,
GGAL.O,04/03/2019,,"28,39","-2,31","-0,54",,,
GGAL.O,01/03/2019,,"29,06","-4,94","-0,52",,,
GGAL.O,28/02/2019,,"30,57","-3,38","-0,51",,,
GGAL.O,27/02/2019,,"31,64","-4,21","-0,49",,,
GGAL.O,26/02/2019,,"33,03","-1,29","-0,48",,,
GGAL.O,25/02/2019,,"33,46","-0,62","-0,47",,,
GGAL.O,22/02/2019,,"33,67","3,86","-0,49",,,
GGAL.O,21/02/2019,,"32,42","-1,76","-0,51",,,
GGAL.O,20/02/2019,,"33,00","1,20","0,00",,,
GGAL.O,19/02/2019,,"32,61","-6,24","-0,50",,,
GGAL.O,15/02/2019,,"34,78","-1,81","-0,48",,,
GGAL.O,14/02/2019,,"35,42","0,62","-0,45",,,
GGAL.O,13/02/2019,,"35,20","-4,24","-0,40",,,
GGAL.O,12/02/2019,,"36,76","1,21","-0,41",,,
GGAL.O,11/02/2019,,"36,32","0,92","-0,41",,,
GGAL.O,08/02/2019,,"35,99","2,24","-0,40",,,
GGAL.O,07/02/2019,,"35,20","-0,82","-0,40",,,
GGAL.O,06/02/2019,,"35,49","-4,85","-0,44",,,
GGAL.O,05/02/2019,,"37,30","0,65","-0,30",,,
GGAL.O,04/02/2019,,"37,06","2,43","-0,39",,,
GGAL.O,01/02/2019,,"36,18","-0,90","-0,47",,,
GGAL.O,31/01/2019,,"36,51","2,67","-0,47",,,
GGAL.O,30/01/2019,,"35,56","2,33","-0,46",,,
GGAL.O,29/01/2019,,"34,75","-0,12","-0,46",,,
GGAL.O,28/01/2019,,"34,79","1,31","-0,46",,,
GGAL.O,25/01/2019,,"34,34","2,48","-0,48",,,
GGAL.O,24/01/2019,,"33,51","-0,80","-0,50",,,
GGAL.O,23/01/2019,,"33,78","4,00","-0,51",,,
GGAL.O,22/01/2019,,"32,48","-2,20","-0,53",,,
GGAL.O,18/01/2019,,"33,21","4,57","-0,54",,,
GGAL.O,17/01/2019,,"31,76","0,70","-0,55",,,
GGAL.O,16/01/2019,,"31,54","-0,82","-0,56",,,
GGAL.O,15/01/2019,,"31,80","-0,90","-0,50",,,
GGAL.O,14/01/2019,,"32,09","-1,23","-0,55",,,
GGAL.O,11/01/2019,,"32,49","-2,84","-0,52",,,
GGAL.O,10/01/2019,,"33,44","3,31","-0,50",,,
GGAL.O,09/01/2019,,"32,37","2,89","-0,51",,,
GGAL.O,08/01/2019,,"31,46","0,70","-0,52",,,
GGAL.O,07/01/2019,,"31,24","1,76","-0,53",,,
GGAL.O,04/01/2019,,"30,70","7,04","-0,50",,,
GGAL.O,03/01/2019,,"28,68","0,70","-0,57",,,
GGAL.O,02/01/2019,,"28,48","3,30","-0,57",,,
GGAL.O,31/12/2018,,"27,57","2,41","-0,58",,,
GGAL.O,28/12/2018,,"26,92","2,20","-0,58",,,
GGAL.O,27/12/2018,,"26,34","2,33","-0,60",,,
GGAL.O,26/12/2018,,"25,74","4,76","-0,60",,,
GGAL.O,24/12/2018,,"24,57","-1,60","-0,62",,,
GGAL.O,21/12/2018,,"24,97","-4,26","-0,61",,,
GGAL.O,20/12/2018,,"26,08","0,12","-0,60",,,
GGAL.O,19/12/2018,,"26,05","-0,42","-0,60",,,
GGAL.O,18/12/2018,,"26,16","2,91","-0,59",,,
GGAL.O,17/12/2018,,"25,42","-7,66","-0,60",,,
GGAL.O,14/12/2018,,"27,53","-0,94","-0,57",,,
GGAL.O,13/12/2018,,"27,79","-0,32","-0,57",,,
GGAL.O,12/12/2018,,"27,88","-1,48","-0,57",,,
GGAL.O,11/12/2018,,"28,30","5,99","-0,50",,,
GGAL.O,10/12/2018,,"26,70","-3,75","-0,50",,,
GGAL.O,07/12/2018,,"27,74","-0,82","-0,55",,,
GGAL.O,06/12/2018,,"27,97","2,27","-0,53",,,
GGAL.O,04/12/2018,,"27,35","-4,24","-0,53",,,
GGAL.O,03/12/2018,,"28,56","3,63","-0,50",,,
GGAL.O,30/11/2018,,"27,56","0,36","-0,51",,,
GGAL.O,29/11/2018,,"27,46","4,77","-0,51",,,
GGAL.O,28/11/2018,,"26,21","7,73","-0,53",,,
GGAL.O,27/11/2018,,"24,33","-5,66","-0,55",,,
GGAL.O,26/11/2018,,"25,79","-2,83","-0,53",,,
GGAL.O,23/11/2018,,"26,54","1,92","-0,53",,,
GGAL.O,21/11/2018,,"26,04","0,00","-0,54",,,
GGAL.O,20/11/2018,,"25,01","-5,41","-0,55",,,
GGAL.O,19/11/2018,,"26,44","-1,56","-0,52",,,
GGAL.O,16/11/2018,,"26,86","1,94","-0,50",,,
GGAL.O,15/11/2018,,"26,35","4,69","-0,48",,,
GGAL.O,14/11/2018,,"25,17","8,58","-0,49",,,
GGAL.O,13/11/2018,,"23,18","-4,14","-0,55",,,
GGAL.O,12/11/2018,,"24,18","-4,28","-0,53",,,
GGAL.O,09/11/2018,,"25,26","-2,88","-0,53",,,
GGAL.O,08/11/2018,,"26,01","-1,44","-0,51",,,
GGAL.O,07/11/2018,,"26,39","0,08","-0,50",,,
GGAL.O,06/11/2018,,"26,37","-0,75","-0,51",,,
GGAL.O,05/11/2018,,"26,57","-0,93","-0,51",,,
GGAL.O,02/11/2018,,"26,82","0,56","-0,49",,,
GGAL.O,01/11/2018,,"26,67","15,65","-0,50",,,
GGAL.O,31/10/2018,,"23,06","1,14","-0,57",,,
GGAL.O,30/10/2018,,"22,80","2,20","-0,50",,,
GGAL.O,29/10/2018,,"22,31","-2,87","-0,59",,,
GGAL.O,26/10/2018,,"22,97","-1,63","-0,58",,,
GGAL.O,25/10/2018,,"23,35","5,66","-0,58",,,
GGAL.O,24/10/2018,,"22,10","-1,56","-0,60",,,
GGAL.O,23/10/2018,,"22,45","-1,49","-0,60",,,
GGAL.O,22/10/2018,,"22,79","-0,44","-0,60",,,
GGAL.O,19/10/2018,,"22,89","1,96","-0,57",,,
GGAL.O,18/10/2018,,"22,45","-2,94","-0,58",,,
GGAL.O,17/10/2018,,"23,13","-4,54","-0,57",,,
GGAL.O,16/10/2018,,"24,23","-2,38","-0,55",,,
GGAL.O,15/10/2018,,"24,82","0,85","-0,54",,,
GGAL.O,12/10/2018,,"24,61","13,72","-0,54",,,
GGAL.O,11/10/2018,,"21,64","-1,73","-0,59",,,
GGAL.O,10/10/2018,,"22,02","-6,54","-0,58",,,
GGAL.O,09/10/2018,,"23,56","-5,27","-0,55",,,
GGAL.O,08/10/2018,,"24,87","2,85","-0,52",,,
GGAL.O,05/10/2018,,"24,18","-0,82","-0,55",,,
GGAL.O,04/10/2018,,"24,38","-9,37","-0,53",,,
GGAL.O,03/10/2018,,"26,90","-3,34","-0,40",,,
GGAL.O,02/10/2018,,"27,83","7,53","-0,46",,,
GGAL.O,01/10/2018,,"25,88","1,77","-0,50",,,
GGAL.O,28/09/2018,,"25,43","-5,78","-0,49",,,
GGAL.O,27/09/2018,,"26,99","-7,79","-0,45",,,
GGAL.O,26/09/2018,,"29,27","-1,68","-0,41",,,
GGAL.O,25/09/2018,,"29,77","5,05","-0,39",,,
GGAL.O,24/09/2018,,"28,34","-4,77","-0,42",,,
GGAL.O,21/09/2018,,"29,76","5,87","-0,37",,,
GGAL.O,20/09/2018,,"28,11","12,53","-0,40",,,
GGAL.O,19/09/2018,,"24,98","4,13","-0,47",,,
GGAL.O,18/09/2018,,"23,99","1,52","-0,48",,,
GGAL.O,17/09/2018,,"23,63","10,42","-0,49",,,
GGAL.O,14/09/2018,,"21,40","0,47","-0,50",,,
GGAL.O,13/09/2018,,"21,30","-4,95","-0,50",,,
GGAL.O,12/09/2018,,"22,41","0,86","-0,50",,,
GGAL.O,11/09/2018,,"22,22","-3,31","-0,50",,,
GGAL.O,10/09/2018,,"22,98","-3,00","-0,49",,,
GGAL.O,07/09/2018,,"23,69","-3,31","-0,50",,,
GGAL.O,06/09/2018,,"24,50","13,58","-0,40",,,
GGAL.O,05/09/2018,,"21,57","7,63","-0,53",,,
GGAL.O,04/09/2018,,"20,04","-10,93","-0,56",,,
